strategy,ts_iso,ticker,sport,side,entry,contracts,pnl_usd,won,edge_pp,reason
Pure Value,2025-03-03T01:02:31.339Z,KXLLM1-25MAR31-GOOG,Other,no,0.8900,1,-0.8900,0,6.26618181818182,"Pure value: 6.3pp edge, 49% confidence"
Pure Value,2025-03-06T19:02:13.144Z,KXTORNADO-25MAR-200,Other,no,0.8900,1,-0.8900,0,7.999999999999999,"Pure value: 8.0pp edge, 42% confidence"
Pure Value,2025-03-07T13:13:37.238Z,KXHIGHDEN-25MAR07-B32.5,Other,no,0.8900,1,-0.8900,0,7.999999999999999,"Pure value: 8.0pp edge, 52% confidence"
Pure Value,2025-03-04T15:43:46.300Z,KXHIGHNY-25MAR04-B51.5,Other,no,0.8800,1,-0.8800,0,4.607437688139671,"Pure value: 4.6pp edge, 41% confidence"
Pure Value,2025-03-01T01:42:08.122Z,KXBTCD-25FEB2821-T84499.99,Crypto,no,0.8700,1,-0.8700,0,7.891545454545456,"Pure value: 7.9pp edge, 44% confidence"
Pure Value,2025-03-05T13:01:10.321Z,KXARCTICICEMAX-25APR01-T14.2,Other,no,0.8700,1,-0.8700,0,5.5571313131313165,"Pure value: 5.6pp edge, 40% confidence"
Pure Value,2025-03-01T00:22:41.744Z,KXBTCD-25FEB2820-T83999.99,Crypto,yes,0.8600,1,-0.8600,0,4.795155080213909,"Pure value: 4.8pp edge, 52% confidence"
Pure Value,2025-03-01T00:25:24.382Z,KXBTCD-25FEB2820-T83999.99,Crypto,yes,0.8600,1,-0.8600,0,4.8573387974723214,"Pure value: 4.9pp edge, 44% confidence"
Pure Value,2025-03-01T00:28:55.334Z,KXBTCD-25FEB2820-T83999.99,Crypto,yes,0.8600,1,-0.8600,0,4.810765470880196,"Pure value: 4.8pp edge, 48% confidence"
Pure Value,2025-03-01T01:37:16.029Z,KXBTCD-25FEB2821-T84249.99,Crypto,no,0.8600,1,-0.8600,0,4.97899300699301,"Pure value: 5.0pp edge, 48% confidence"
Pure Value,2025-03-01T13:17:03.268Z,KXBTCD-25MAR0117-T85749.99,Crypto,yes,0.1300,1,0.8600,1,12.915885429638854,"Pure value: 12.9pp edge, 52% confidence"
Pure Value,2025-03-01T18:41:24.153Z,KXHIGHMIA-25MAR01-B80.5,Other,yes,0.1300,1,0.8600,1,6.660363636363639,"Pure value: 6.7pp edge, 43% confidence"
Pure Value,2025-03-01T21:29:59.139Z,KXBTCD-25MAR0117-T85749.99,Crypto,no,0.8600,1,-0.8600,0,10.999999999999998,"Pure value: 11.0pp edge, 55% confidence"
Pure Value,2025-03-01T23:48:40.581Z,KXBTCD-25MAR0119-T85999.99,Crypto,no,0.8600,1,-0.8600,0,5.121186602870812,"Pure value: 5.1pp edge, 43% confidence"
Pure Value,2025-03-02T01:46:20.429Z,KXBTCD-25MAR0121-T86249.99,Crypto,yes,0.1300,1,0.8600,1,6.590224767358629,"Pure value: 6.6pp edge, 44% confidence"
Pure Value,2025-03-02T03:50:35.584Z,KXBTC-25MAR0123-B85875,Crypto,yes,0.1300,1,0.8600,1,11.818037962037959,"Pure value: 11.8pp edge, 52% confidence"
Pure Value,2025-03-02T18:31:09.278Z,KXBTCD-25MAR0214-T93249.99,Crypto,no,0.1300,1,0.8600,1,4.6492226168762585,"Pure value: 4.6pp edge, 41% confidence"
Pure Value,2025-03-02T19:29:29.001Z,KXHIGHDEN-25MAR02-T65,Other,yes,0.1300,1,0.8600,1,8.564988344988345,"Pure value: 8.6pp edge, 53% confidence"
Pure Value,2025-03-02T21:14:54.635Z,KXHIGHDEN-25MAR02-T65,Other,yes,0.1300,1,0.8600,1,10.411916317991633,"Pure value: 10.4pp edge, 48% confidence"
Pure Value,2025-03-03T00:23:33.672Z,KXELONTWEETS-25MAR07-574.5,Other,no,0.8600,1,-0.8600,0,4.823107521919706,"Pure value: 4.8pp edge, 41% confidence"
Pure Value,2025-03-03T01:02:38.600Z,KXOSCARMENTION-25MAR-BRODY,Other,no,0.1300,1,0.8600,1,5.249062937062932,"Pure value: 5.2pp edge, 41% confidence"
Pure Value,2025-03-03T03:37:25.583Z,KXOSCARACTR-25-MM,Other,yes,0.1300,1,0.8600,1,5.083896103896104,"Pure value: 5.1pp edge, 50% confidence"
Pure Value,2025-03-03T16:28:57.546Z,KXSPACEXSTARSHIP-8-25MAR03,Other,no,0.1300,1,0.8600,1,4.80019698161791,"Pure value: 4.8pp edge, 43% confidence"
Pure Value,2025-03-03T17:39:30.209Z,KXHIGHNY-25MAR03-B39.5,Other,yes,0.1300,1,0.8600,1,4.784717131474103,"Pure value: 4.8pp edge, 46% confidence"
Pure Value,2025-03-03T18:44:12.602Z,KXDOGED-25MAR0317-T0.1999999,Other,yes,0.8600,1,-0.8600,0,4.603818181818187,"Pure value: 4.6pp edge, 53% confidence"
Pure Value,2025-03-03T20:19:57.070Z,KXDOGE-25MAR0317-B0.192,Other,yes,0.1300,1,0.8600,1,4.518363636363637,"Pure value: 4.5pp edge, 53% confidence"
Pure Value,2025-03-04T01:21:36.219Z,KXFOREIGNTARIFF-25JUL01-EU,Other,no,0.1300,1,0.8600,1,4.566488038277505,"Pure value: 4.6pp edge, 40% confidence"
Pure Value,2025-03-04T04:57:11.125Z,KXBTCD-25MAR0400-T83499.99,Crypto,no,0.1300,1,0.8600,1,5.726002101944294,"Pure value: 5.7pp edge, 42% confidence"
Pure Value,2025-03-04T13:27:51.669Z,KXRTWARFARE-90,Other,no,0.8600,1,-0.8600,0,5.0489350649350655,"Pure value: 5.0pp edge, 42% confidence"
Pure Value,2025-03-04T16:45:37.767Z,KXETHD-25MAR0417-T2139.99,Crypto,yes,0.1300,1,0.8600,1,5.29050821467689,"Pure value: 5.3pp edge, 41% confidence"
Pure Value,2025-03-04T17:37:09.156Z,KXBTC-25MAR0413-B85375,Crypto,no,0.8600,1,-0.8600,0,7.602519480519482,"Pure value: 7.6pp edge, 47% confidence"
Pure Value,2025-03-04T18:26:38.910Z,KXBTCD-25MAR0414-T86249.99,Crypto,yes,0.1300,1,0.8600,1,6.685870605367173,"Pure value: 6.7pp edge, 51% confidence"
Pure Value,2025-03-04T20:23:45.622Z,KXBTCD-25MAR0416-T87749.99,Crypto,no,0.1300,1,0.8600,1,5.003675479898584,"Pure value: 5.0pp edge, 41% confidence"
Pure Value,2025-03-05T02:57:45.844Z,KXBTCD-25MAR0422-T87499.99,Crypto,yes,0.8600,1,-0.8600,0,5.858117882117875,"Pure value: 5.9pp edge, 48% confidence"
Pure Value,2025-03-06T02:48:03.200Z,KXBTCD-25MAR0522-T91749.99,Crypto,yes,0.1300,1,0.8600,1,6.483324675324672,"Pure value: 6.5pp edge, 55% confidence"
Pure Value,2025-03-06T06:00:24.792Z,KXBORDERBILL-25-APR01,Other,no,0.8600,1,-0.8600,0,5.3331016042780774,"Pure value: 5.3pp edge, 42% confidence"
Pure Value,2025-03-06T07:10:31.975Z,KXBORDERBILL-25-APR01,Other,no,0.8600,1,-0.8600,0,5.113062937062937,"Pure value: 5.1pp edge, 50% confidence"
Pure Value,2025-03-06T13:00:45.380Z,KXHIGHDEN-25MAR06-B53.5,Other,yes,0.1300,1,0.8600,1,6.308973082783137,"Pure value: 6.3pp edge, 48% confidence"
Pure Value,2025-03-06T16:31:39.851Z,KXSECPRESSMENTION-25SEP10-UKRAINE,Other,no,0.1300,1,0.8600,1,5.247957481271515,"Pure value: 5.2pp edge, 40% confidence"
Pure Value,2025-03-07T01:29:51.505Z,KXBTCD-25MAR0621-T87999.99,Crypto,yes,0.1300,1,0.8600,1,4.998288688410827,"Pure value: 5.0pp edge, 43% confidence"
Pure Value,2025-03-07T13:30:27.418Z,KXHIGHDEN-25MAR07-B32.5,Other,no,0.8600,1,-0.8600,0,10.999999999999998,"Pure value: 11.0pp edge, 48% confidence"
Pure Value,2025-03-01T03:51:42.506Z,KXHIGHNY-25MAR01-T58,Other,yes,0.1400,1,0.8500,1,9.245999999999999,"Pure value: 9.2pp edge, 48% confidence"
Pure Value,2025-03-01T06:55:33.461Z,KXBTC-25MAR0117-B86000,Crypto,yes,0.1400,1,0.8500,1,7.822825828377231,"Pure value: 7.8pp edge, 46% confidence"
Pure Value,2025-03-01T18:49:19.149Z,KXHIGHMIA-25MAR01-B80.5,Other,yes,0.1400,1,0.8500,1,7.815197584703121,"Pure value: 7.8pp edge, 45% confidence"
Pure Value,2025-03-01T22:34:28.264Z,KXBTC-25MAR0118-B86125,Crypto,yes,0.1400,1,0.8500,1,9.706309582309583,"Pure value: 9.7pp edge, 57% confidence"
Pure Value,2025-03-01T23:22:01.560Z,KXBTC-25MAR0119-B86125,Crypto,yes,0.1400,1,0.8500,1,5.504363636363635,"Pure value: 5.5pp edge, 42% confidence"
Pure Value,2025-03-02T15:18:20.078Z,KXHIGHLAX-25MAR02-T62,Other,yes,0.1400,1,0.8500,1,6.202728263562049,"Pure value: 6.2pp edge, 44% confidence"
Pure Value,2025-03-02T19:21:14.329Z,KXHIGHNY-25MAR02-B33.5,Other,yes,0.1400,1,0.8500,1,7.471037279267495,"Pure value: 7.5pp edge, 49% confidence"
Pure Value,2025-03-02T19:22:33.769Z,KXBTCD-25MAR0215-T93499.99,Crypto,yes,0.1400,1,0.8500,1,7.962571428571427,"Pure value: 8.0pp edge, 47% confidence"
Pure Value,2025-03-02T20:54:02.360Z,KXOSCARGUESTS-25-KHAR,Other,no,0.1400,1,0.8500,1,19.704814011676408,"Pure value: 19.7pp edge, 65% confidence"
Whale Flow,2025-03-01T01:20:27.814Z,KXBTCD-25FEB2821-T84499.99,Crypto,no,0.9000,1,-0.9000,0,6.5488035190615825,Whale print mid=11.0¢
Whale Flow,2025-03-01T01:41:57.180Z,KXBTCD-25FEB2821-T84499.99,Crypto,no,0.9000,1,-0.9000,0,5.356545454545455,Whale print mid=11.0¢
Whale Flow,2025-03-03T14:50:58.619Z,KXBTCD-25MAR0310-T90249.99,Crypto,yes,0.9000,1,-0.9000,0,4.482493651599794,Whale print mid=89.0¢
Whale Flow,2025-03-05T13:09:42.504Z,KXRTMICKEY17-82,Other,yes,0.9000,1,-0.9000,0,4.904631510837909,Whale print mid=89.0¢
Whale Flow,2025-03-05T15:17:00.620Z,KXRTMICKEY17-82,Other,yes,0.9000,1,-0.9000,0,5.178239234449766,Whale print mid=89.0¢
Whale Flow,2025-03-06T14:30:45.020Z,KXMASTERS-25-RM,Other,no,0.9000,1,-0.9000,0,4.275418851087558,Whale print mid=11.0¢
Whale Flow,2025-03-07T16:52:08.831Z,KXBTC-25MAR0717-B86500,Crypto,no,0.9000,1,-0.9000,0,7.000000000000001,Whale print mid=11.0¢
Whale Flow,2025-03-03T01:02:31.339Z,KXLLM1-25MAR31-GOOG,Other,no,0.8900,1,-0.8900,0,5.020776412776412,Whale print mid=12.0¢
Whale Flow,2025-03-03T13:58:29.149Z,KXBTCD-25MAR0309-T93499.99,Crypto,no,0.8900,1,-0.8900,0,5.305818181818179,Whale print mid=12.0¢
Whale Flow,2025-03-07T13:13:37.238Z,KXHIGHDEN-25MAR07-B32.5,Other,no,0.8900,1,-0.8900,0,7.999999999999999,Whale print mid=12.0¢
Whale Flow,2025-03-01T13:03:27.547Z,KXBTCD-25MAR0109-T84499.99,Crypto,yes,0.8800,1,-0.8800,0,4.364000000000001,Whale print mid=87.0¢
Whale Flow,2025-03-05T13:01:10.321Z,KXARCTICICEMAX-25APR01-T14.2,Other,no,0.8800,1,-0.8800,0,4.334909090909095,Whale print mid=13.0¢
Whale Flow,2025-03-05T13:44:41.290Z,KXRTMICKEY17-82,Other,yes,0.8800,1,-0.8800,0,5.203272727272723,Whale print mid=87.0¢
Whale Flow,2025-03-01T04:03:34.050Z,KXHIGHNY-25MAR01-T58,Other,yes,0.1200,1,0.8700,1,8.207574530732426,Whale print mid=11.0¢
Whale Flow,2025-03-01T18:50:45.093Z,KXBTCD-25MAR0114-T85249.99,Crypto,yes,0.1200,1,0.8700,1,5.653958880356698,Whale print mid=11.0¢
Whale Flow,2025-03-02T01:33:28.459Z,KXBTC-25MAR0121-B86375,Crypto,yes,0.1200,1,0.8700,1,10.033314093314095,Whale print mid=11.0¢
Whale Flow,2025-03-02T15:50:11.620Z,KXBTC-25MAR0211-B87375,Crypto,yes,0.1200,1,0.8700,1,6.0882968929804395,Whale print mid=11.0¢
Whale Flow,2025-03-02T18:54:57.929Z,KXBTC-25MAR0214-B92875,Crypto,yes,0.1200,1,0.8700,1,5.327478061370804,Whale print mid=11.0¢
Whale Flow,2025-03-02T21:07:30.345Z,KXBTC-25MAR0217-B94000,Crypto,yes,0.1200,1,0.8700,1,5.441818181818182,Whale print mid=11.0¢
Whale Flow,2025-03-03T04:56:08.910Z,KXBTC-25MAR0300-B92875,Crypto,yes,0.1200,1,0.8700,1,12.561025092554507,Whale print mid=11.0¢
Whale Flow,2025-03-03T13:54:21.909Z,KXBTCD-25MAR0309-T93499.99,Crypto,yes,0.1200,1,0.8700,1,6.560848484848485,Whale print mid=11.0¢
Whale Flow,2025-03-03T16:41:46.149Z,KXDJTINVESTMENT-25MAR03-ARIZONA,Other,yes,0.1200,1,0.8700,1,8.380154696132596,Whale print mid=11.0¢
Whale Flow,2025-03-03T19:42:47.935Z,KXSPACEXSTARSHIP-8-25MAR03,Other,no,0.1200,1,0.8700,1,4.3470597286900166,Whale print mid=89.0¢
Whale Flow,2025-03-03T20:17:58.630Z,KXWHVISIT-25-DW,Other,yes,0.1200,1,0.8700,1,4.462424242424244,Whale print mid=11.0¢
Whale Flow,2025-03-03T20:24:49.858Z,KXDOGE-25MAR0317-B0.192,Other,yes,0.1200,1,0.8700,1,5.2843210831721485,Whale print mid=11.0¢
Whale Flow,2025-03-04T01:54:01.601Z,KXOSCARSVIEWER-25-19500000,Other,no,0.1200,1,0.8700,1,14.382482928835872,Whale print mid=89.0¢
Whale Flow,2025-03-04T16:12:02.423Z,KXBTCD-25MAR0412-T83499.99,Crypto,yes,0.1200,1,0.8700,1,4.546153846153846,Whale print mid=11.0¢
Whale Flow,2025-03-05T00:42:14.868Z,KXBTCD-25MAR0420-T86749.99,Crypto,yes,0.1200,1,0.8700,1,5.938250614250616,Whale print mid=11.0¢
Whale Flow,2025-03-05T03:31:45.824Z,KXDJTJOINTSESSION-25MAR04-T,Other,no,0.1200,1,0.8700,1,27.082299319727888,Whale print mid=89.0¢
Whale Flow,2025-03-06T02:31:28.188Z,KXHIGHPHIL-25MAR06-B57.5,Other,yes,0.1200,1,0.8700,1,9.547493761140817,Whale print mid=11.0¢
Whale Flow,2025-03-06T03:54:30.309Z,KXTOPALBUM-25MAR15-GNX,Other,yes,0.1200,1,0.8700,1,9.607341633975782,Whale print mid=11.0¢
Whale Flow,2025-03-06T04:31:47.501Z,KXBTCD-25MAR0600-T91999.99,Crypto,yes,0.1200,1,0.8700,1,4.60105627705628,Whale print mid=11.0¢
Whale Flow,2025-03-06T14:51:32.294Z,KXBTCD-25MAR0610-T89749.99,Crypto,no,0.1200,1,0.8700,1,6.697215952189406,Whale print mid=89.0¢
Whale Flow,2025-03-06T17:47:39.198Z,KXSECPRESSMENTION-25SEP10-UKRAINE,Other,no,0.1200,1,0.8700,1,4.937951434878585,Whale print mid=89.0¢
Whale Flow,2025-03-07T13:50:16.285Z,KXETHD-25MAR0709-T2189.99,Crypto,no,0.1200,1,0.8700,1,5.951034232600327,Whale print mid=89.0¢
Whale Flow,2025-03-07T23:14:49.299Z,KXBTCD-25MAR0719-T86749.99,Crypto,yes,0.1200,1,0.8700,1,6.328655971479501,Whale print mid=11.0¢
Whale Flow,2025-03-01T00:22:41.744Z,KXBTCD-25FEB2820-T83999.99,Crypto,yes,0.8600,1,-0.8600,0,4.795155080213909,Whale print mid=85.0¢
Whale Flow,2025-03-02T03:50:35.584Z,KXBTC-25MAR0123-B85875,Crypto,yes,0.1300,1,0.8600,1,11.818037962037959,Whale print mid=12.0¢
Whale Flow,2025-03-02T21:59:49.456Z,KXHIGHDEN-25MAR02-B64.5,Other,no,0.1300,1,0.8600,1,4.48241148325359,Whale print mid=88.0¢
Whale Flow,2025-03-03T00:46:02.626Z,KXBTCD-25MAR0220-T93499.99,Crypto,no,0.1300,1,0.8600,1,4.71931875719217,Whale print mid=88.0¢
Whale Flow,2025-03-03T00:50:16.882Z,KXOSCARMENTION-25MAR-DRAKE,Other,yes,0.1300,1,0.8600,1,4.755978609625669,Whale print mid=12.0¢
Whale Flow,2025-03-03T03:37:25.583Z,KXOSCARACTR-25-MM,Other,yes,0.1300,1,0.8600,1,5.083896103896104,Whale print mid=12.0¢
Whale Flow,2025-03-03T16:28:57.546Z,KXSPACEXSTARSHIP-8-25MAR03,Other,no,0.1300,1,0.8600,1,4.737737452836899,Whale print mid=88.0¢
Whale Flow,2025-03-03T20:19:57.070Z,KXDOGE-25MAR0317-B0.192,Other,yes,0.1300,1,0.8600,1,4.518363636363637,Whale print mid=12.0¢
Whale Flow,2025-03-04T13:27:51.669Z,KXRTWARFARE-90,Other,no,0.8600,1,-0.8600,0,5.0489350649350655,Whale print mid=15.0¢
Whale Flow,2025-03-04T13:47:49.265Z,KXBTC-25MAR0409-T82750,Crypto,yes,0.1300,1,0.8600,1,11.449140366482832,Whale print mid=12.0¢
Whale Flow,2025-03-04T16:45:37.767Z,KXETHD-25MAR0417-T2139.99,Crypto,yes,0.1300,1,0.8600,1,5.29050821467689,Whale print mid=12.0¢
Whale Flow,2025-03-05T01:21:41.017Z,KXBTCD-25MAR0421-T87499.99,Crypto,no,0.8600,1,-0.8600,0,4.440996865203759,Whale print mid=15.0¢
Whale Flow,2025-03-05T16:58:22.704Z,KXBTCD-25MAR0512-T88999.99,Crypto,no,0.1300,1,0.8600,1,40.47625762153254,Whale print mid=88.0¢
Whale Flow,2025-03-06T02:48:03.200Z,KXBTCD-25MAR0522-T91749.99,Crypto,yes,0.1300,1,0.8600,1,6.483324675324672,Whale print mid=12.0¢
Volume Imbalance,2025-03-04T17:48:22.465Z,KXHIGHNY-25MAR04-B51.5,Other,no,0.9200,1,-0.9200,0,5,Flow imbalance=-2.41 edge=5.0pp
Volume Imbalance,2025-03-06T19:21:23.563Z,KXSPOTIFYARTISTW-25MAR07-KEN,Other,yes,0.9200,1,-0.9200,0,4.447726054106749,Flow imbalance=4.45 edge=4.4pp
Volume Imbalance,2025-03-06T21:10:20.302Z,KXSPOTIFYARTISTW-25MAR07-KEN,Other,yes,0.9200,1,-0.9200,0,4.352660537051689,Flow imbalance=3.94 edge=4.4pp
Volume Imbalance,2025-03-06T21:49:09.220Z,KXSPOTIFYARTISTW-25MAR07-KEN,Other,yes,0.9200,1,-0.9200,0,4.31333724340176,Flow imbalance=3.38 edge=4.3pp
Volume Imbalance,2025-03-07T05:18:16.800Z,KXBTC-25MAR0717-B86500,Crypto,no,0.9200,1,-0.9200,0,5,Flow imbalance=-0.41 edge=5.0pp
Volume Imbalance,2025-03-03T14:45:26.695Z,KXBTCD-25MAR0310-T90249.99,Crypto,yes,0.9100,1,-0.9100,0,4.370844880027047,Flow imbalance=0.91 edge=4.4pp
Volume Imbalance,2025-03-05T13:09:42.504Z,KXRTMICKEY17-82,Other,yes,0.9100,1,-0.9100,0,4.750444372448648,Flow imbalance=0.66 edge=4.8pp
Volume Imbalance,2025-03-05T13:23:07.588Z,KXRTMICKEY17-82,Other,yes,0.9100,1,-0.9100,0,4.794181818181819,Flow imbalance=1.18 edge=4.8pp
Volume Imbalance,2025-03-06T17:36:38.130Z,KXSPOTIFYARTISTW-25MAR07-DRA,Other,no,0.9100,1,-0.9100,0,4.455555555555552,Flow imbalance=-5.01 edge=4.5pp
Volume Imbalance,2025-03-05T15:17:00.620Z,KXRTMICKEY17-82,Other,yes,0.9000,1,-0.9000,0,5.178239234449766,Flow imbalance=3.48 edge=5.2pp
Volume Imbalance,2025-03-06T01:08:38.126Z,KXBTCD-25MAR0521-T90999.99,Crypto,no,0.9000,1,-0.9000,0,6.1552727272727275,Flow imbalance=-2.53 edge=6.2pp
Volume Imbalance,2025-03-06T22:44:39.120Z,KXPGATOUR-TPC25-RMCI,Other,no,0.9000,1,-0.9000,0,4.2488879492600455,Flow imbalance=-0.94 edge=4.2pp
Volume Imbalance,2025-03-01T21:11:53.186Z,KXBTCD-25MAR0117-T85749.99,Crypto,yes,0.1000,1,0.8900,1,6.461692596063734,Flow imbalance=1.10 edge=6.5pp
Volume Imbalance,2025-03-02T15:30:00.665Z,KXBTCD-25MAR0211-T86749.99,Crypto,yes,0.1000,1,0.8900,1,9.056578512396692,Flow imbalance=4.05 edge=9.1pp
Volume Imbalance,2025-03-02T18:54:23.056Z,KXBTCD-25MAR0214-T92749.99,Crypto,yes,0.1000,1,0.8900,1,8.888949232585599,Flow imbalance=11.10 edge=8.9pp
Volume Imbalance,2025-03-03T00:36:39.252Z,KXOSCARMENTION-25MAR-LAMAR,Other,yes,0.1000,1,0.8900,1,8.493437784660227,Flow imbalance=18.76 edge=8.5pp
Volume Imbalance,2025-03-03T00:42:51.919Z,KXOSCARMENTION-25MAR-LAMAR,Other,yes,0.1000,1,0.8900,1,7.965601511652317,Flow imbalance=14.42 edge=8.0pp
Volume Imbalance,2025-03-03T14:44:45.869Z,KXBTCD-25MAR0310-T90499.99,Crypto,no,0.1000,1,0.8900,1,4.981099365750518,Flow imbalance=-2.92 edge=5.0pp
Volume Imbalance,2025-03-03T15:52:39.657Z,KXBTCD-25MAR0311-T90249.99,Crypto,no,0.1000,1,0.8900,1,4.449030303030311,Flow imbalance=-3.62 edge=4.4pp
Volume Imbalance,2025-03-03T17:44:58.725Z,KXBTC-25MAR0313-B90125,Crypto,yes,0.1000,1,0.8900,1,5.815857707509883,Flow imbalance=9.31 edge=5.8pp
Volume Imbalance,2025-03-03T19:47:49.446Z,KXBTCD-25MAR0315-T85749.99,Crypto,no,0.1000,1,0.8900,1,5.25784438984439,Flow imbalance=-3.38 edge=5.3pp
Volume Imbalance,2025-03-04T17:42:40.613Z,KXBTC-25MAR0413-B85375,Crypto,yes,0.1000,1,0.8900,1,6.245173682348781,Flow imbalance=12.86 edge=6.2pp
Volume Imbalance,2025-03-05T14:12:33.852Z,KXTORNADO-25MAR-200,Other,yes,0.1000,1,0.8900,1,4.293992094861662,Flow imbalance=8.50 edge=4.3pp
Volume Imbalance,2025-03-05T16:34:28.800Z,KXBTCD-25MAR0512-T88499.99,Crypto,yes,0.1000,1,0.8900,1,4.333029702970298,Flow imbalance=17.71 edge=4.3pp
Volume Imbalance,2025-03-06T01:42:18.180Z,KXBTCD-25MAR0521-T90749.99,Crypto,yes,0.1000,1,0.8900,1,4.47296371439719,Flow imbalance=1.78 edge=4.5pp
Volume Imbalance,2025-03-06T04:34:36.925Z,KXVOTECHAVEZDEREMER-26-JFET,Other,yes,0.8900,1,-0.8900,0,4.2250878409924475,Flow imbalance=14.93 edge=4.2pp
Volume Imbalance,2025-03-06T19:02:13.144Z,KXTORNADO-25MAR-200,Other,no,0.8900,1,-0.8900,0,7.999999999999999,Flow imbalance=-2.16 edge=8.0pp
Volume Imbalance,2025-03-07T01:35:44.165Z,KXBTCD-25MAR0621-T87999.99,Crypto,yes,0.1000,1,0.8900,1,6.733358288770052,Flow imbalance=8.37 edge=6.7pp
Volume Imbalance,2025-03-07T14:57:03.986Z,KXBTCD-25MAR0710-T90499.99,Crypto,yes,0.8900,1,-0.8900,0,4.5007562279900775,Flow imbalance=7.89 edge=4.5pp
Volume Imbalance,2025-03-07T16:41:11.856Z,KXINX-25MAR07H1600-B5762,Other,yes,0.1000,1,0.8900,1,4.194196762141969,Flow imbalance=6.72 edge=4.2pp
Volume Imbalance,2025-03-07T23:14:25.010Z,KXBTCD-25MAR0719-T86749.99,Crypto,yes,0.1000,1,0.8900,1,7.041126062527011,Flow imbalance=4.10 edge=7.0pp
Volume Imbalance,2025-03-01T21:06:27.084Z,KXBTC-25MAR0117-B86000,Crypto,yes,0.1100,1,0.8800,1,6.856401384083047,Flow imbalance=3.66 edge=6.9pp
Volume Imbalance,2025-03-01T23:21:54.811Z,KXBTCD-25MAR0119-T85999.99,Crypto,yes,0.1100,1,0.8800,1,7.918489510489513,Flow imbalance=0.55 edge=7.9pp
Volume Imbalance,2025-03-01T23:45:53.269Z,KXBTCD-25MAR0119-T85999.99,Crypto,yes,0.1100,1,0.8800,1,4.129212121212122,Flow imbalance=1.09 edge=4.1pp
Volume Imbalance,2025-03-02T20:33:38.516Z,KXHIGHAUS-25MAR02-B80.5,Other,yes,0.1100,1,0.8800,1,5.938463949843256,Flow imbalance=4.37 edge=5.9pp
Volume Imbalance,2025-03-03T03:50:26.487Z,KXOSCARSVIEWER-25-18700000,Other,no,0.1100,1,0.8800,1,4.430609923940598,Flow imbalance=-30.70 edge=4.4pp
Volume Imbalance,2025-03-03T13:54:40.049Z,KXSPACEXSTARSHIP-8-25MAR03,Other,no,0.1100,1,0.8800,1,4.030279997332087,Flow imbalance=-0.99 edge=4.0pp
Volume Imbalance,2025-03-03T17:41:30.335Z,KXBTC-25MAR0313-B90125,Crypto,yes,0.1100,1,0.8800,1,5.655322590453024,Flow imbalance=9.31 edge=5.7pp
Volume Imbalance,2025-03-03T19:17:25.783Z,KXHIGHNY-25MAR03-B39.5,Other,yes,0.1100,1,0.8800,1,5.513264822134387,Flow imbalance=6.59 edge=5.5pp
Volume Imbalance,2025-03-04T03:34:31.247Z,KXBTC-25MAR0323-B83875,Crypto,yes,0.1100,1,0.8800,1,4.732363636363638,Flow imbalance=8.93 edge=4.7pp
Volume Imbalance,2025-03-04T16:33:03.043Z,KXBTCD-25MAR0412-T83499.99,Crypto,yes,0.1100,1,0.8800,1,5.523529411764705,Flow imbalance=3.51 edge=5.5pp
Volume Imbalance,2025-03-04T21:54:35.857Z,KXTORNADO-25MAR-200,Other,yes,0.1100,1,0.8800,1,5.384331257783312,Flow imbalance=11.83 edge=5.4pp
Volume Imbalance,2025-03-05T03:47:27.375Z,KXDJTJOINTSESSION-25MAR04-CEASE,Other,no,0.1100,1,0.8800,1,4.245622377622372,Flow imbalance=-6.18 edge=4.2pp
Volume Imbalance,2025-03-05T15:23:47.449Z,KXRTMICKEY17-82,Other,yes,0.8800,1,-0.8800,0,5.43123771800933,Flow imbalance=0.71 edge=5.4pp
Volume Imbalance,2025-03-06T14:30:58.274Z,KXHIGHDEN-25MAR06-B53.5,Other,yes,0.1100,1,0.8800,1,4.927329359165425,Flow imbalance=5.12 edge=4.9pp
Volume Imbalance,2025-03-07T14:08:52.292Z,KXMETACRITICGAGA-80,Other,yes,0.1100,1,0.8800,1,13.653334665334663,Flow imbalance=20.17 edge=13.7pp
Volume Imbalance,2025-03-07T15:57:13.823Z,KXBTC-25MAR0711-B88375,Crypto,yes,0.1100,1,0.8800,1,4.599090909090908,Flow imbalance=9.76 edge=4.6pp
Volume Imbalance,2025-03-07T16:02:00.502Z,KXINX-25MAR07H1600-B5762,Other,yes,0.1100,1,0.8800,1,4.070909090909089,Flow imbalance=3.83 edge=4.1pp
Volume Imbalance,2025-03-07T17:54:28.006Z,KXETH-25MAR0713-B2160,Crypto,yes,0.1100,1,0.8800,1,11.57987851610273,Flow imbalance=14.44 edge=11.6pp
Volume Imbalance,2025-03-07T19:31:04.143Z,KXRTSINNERS-90,Other,yes,0.1100,1,0.8800,1,4.518363636363637,Flow imbalance=2.20 edge=4.5pp
Dip Buy,2025-03-01T03:54:45.243Z,KXHIGHNY-25MAR01-T58,Other,yes,0.1200,1,0.8700,1,10.018639579070447,"Dip buy: 43.4% below mean, edge=10.0pp"
Dip Buy,2025-03-01T04:10:58.726Z,KXBTCD-25MAR0100-T85749.99,Crypto,yes,0.1200,1,0.8700,1,8.723012987012986,"Dip buy: 47.6% below mean, edge=8.7pp"
Dip Buy,2025-03-01T16:58:19.439Z,KXHIGHMIA-25MAR01-B80.5,Other,yes,0.1200,1,0.8700,1,5.723221166892807,"Dip buy: 34.3% below mean, edge=5.7pp"
Dip Buy,2025-03-01T17:01:04.418Z,KXHIGHMIA-25MAR01-B80.5,Other,yes,0.1200,1,0.8700,1,5.204537549407111,"Dip buy: 30.4% below mean, edge=5.2pp"
Dip Buy,2025-03-02T01:33:28.459Z,KXBTC-25MAR0121-B86375,Crypto,yes,0.1200,1,0.8700,1,10.033314093314095,"Dip buy: 69.0% below mean, edge=10.0pp"
Dip Buy,2025-03-02T16:57:14.390Z,KXBTC-25MAR0212-B91375,Crypto,yes,0.1200,1,0.8700,1,7.458707070707073,"Dip buy: 49.1% below mean, edge=7.5pp"
Dip Buy,2025-03-02T19:36:47.516Z,KXHIGHDEN-25MAR02-T65,Other,yes,0.1200,1,0.8700,1,10.217463002114167,"Dip buy: 59.1% below mean, edge=10.2pp"
Dip Buy,2025-03-02T21:17:20.031Z,KXLALIGA-25-BAR,Sports,yes,0.1200,1,0.8700,1,13.452393305439331,"Dip buy: 75.5% below mean, edge=13.5pp"
Dip Buy,2025-03-02T21:24:12.709Z,KXHIGHDEN-25MAR02-T65,Other,yes,0.1200,1,0.8700,1,10.320372093023257,"Dip buy: 59.1% below mean, edge=10.3pp"
Dip Buy,2025-03-03T00:09:18.957Z,KXOSCARMENTION-25MAR-KSOF,Other,yes,0.1200,1,0.8700,1,12.044029563932003,"Dip buy: 76.2% below mean, edge=12.0pp"
Dip Buy,2025-03-03T00:31:36.566Z,KXOSCARPROD-25-W,Other,yes,0.1200,1,0.8700,1,6.587835920177383,"Dip buy: 85.7% below mean, edge=6.6pp"
Dip Buy,2025-03-03T23:24:57.628Z,KXTORNADO-25MAR-200,Other,yes,0.1200,1,0.8700,1,6.656830230010953,"Dip buy: 27.1% below mean, edge=6.7pp"
Dip Buy,2025-03-04T03:58:31.698Z,KXTORNADO-25MAR-200,Other,yes,0.1200,1,0.8700,1,6.138784345699146,"Dip buy: 21.1% below mean, edge=6.1pp"
Dip Buy,2025-03-04T13:06:10.714Z,KXHIGHDEN-25MAR04-B46.5,Other,yes,0.1200,1,0.8700,1,6.834549643904482,"Dip buy: 59.4% below mean, edge=6.8pp"
Dip Buy,2025-03-04T17:28:13.543Z,KXHIGHPHIL-25MAR04-T59,Other,yes,0.1200,1,0.8700,1,6.3604905660377336,"Dip buy: 44.7% below mean, edge=6.4pp"
Dip Buy,2025-03-04T21:25:43.595Z,KXETH-25MAR0417-B2160,Crypto,yes,0.1200,1,0.8700,1,4.668626742587868,"Dip buy: 62.0% below mean, edge=4.7pp"
Dip Buy,2025-03-05T04:51:46.806Z,KXTORNADO-25MAR-200,Other,yes,0.1200,1,0.8700,1,5.723022939677145,"Dip buy: 17.8% below mean, edge=5.7pp"
Dip Buy,2025-03-05T17:55:37.821Z,KXBTC-25MAR0513-B89625,Crypto,yes,0.1200,1,0.8700,1,7.003772727272726,"Dip buy: 48.4% below mean, edge=7.0pp"
Dip Buy,2025-03-06T02:28:14.968Z,KXHIGHPHIL-25MAR06-B57.5,Other,yes,0.1200,1,0.8700,1,9.890448334274419,"Dip buy: 45.3% below mean, edge=9.9pp"
Dip Buy,2025-03-06T02:31:28.188Z,KXHIGHPHIL-25MAR06-B57.5,Other,yes,0.1200,1,0.8700,1,9.547493761140817,"Dip buy: 42.5% below mean, edge=9.5pp"
Dip Buy,2025-03-06T04:31:02.615Z,KXBTCD-25MAR0600-T91999.99,Crypto,yes,0.1200,1,0.8700,1,4.84710258548791,"Dip buy: 46.2% below mean, edge=4.8pp"
Dip Buy,2025-03-07T01:40:14.905Z,KXBTCD-25MAR0621-T87999.99,Crypto,yes,0.1200,1,0.8700,1,4.938523281596454,"Dip buy: 26.2% below mean, edge=4.9pp"
Dip Buy,2025-03-07T19:58:07.139Z,KXHIGHAUS-25MAR07-B82.5,Other,yes,0.1200,1,0.8700,1,6.385906258047901,"Dip buy: 50.1% below mean, edge=6.4pp"
Dip Buy,2025-03-07T22:17:37.798Z,KXHIGHLAX-25MAR07-B59.5,Other,yes,0.1200,1,0.8700,1,5.950545454545457,"Dip buy: 66.7% below mean, edge=6.0pp"
Dip Buy,2025-03-07T23:14:49.299Z,KXBTCD-25MAR0719-T86749.99,Crypto,yes,0.1200,1,0.8700,1,6.328655971479501,"Dip buy: 71.2% below mean, edge=6.3pp"
Dip Buy,2025-03-01T00:22:41.744Z,KXBTCD-25FEB2820-T83999.99,Crypto,yes,0.8600,1,-0.8600,0,4.795155080213909,"Dip buy: 5.9% below mean, edge=4.8pp"
Dip Buy,2025-03-01T00:25:24.382Z,KXBTCD-25FEB2820-T83999.99,Crypto,yes,0.8600,1,-0.8600,0,4.8573387974723214,"Dip buy: 6.4% below mean, edge=4.9pp"
Dip Buy,2025-03-01T00:28:55.334Z,KXBTCD-25FEB2820-T83999.99,Crypto,yes,0.8600,1,-0.8600,0,4.810765470880196,"Dip buy: 6.0% below mean, edge=4.8pp"
Dip Buy,2025-03-01T13:17:03.268Z,KXBTCD-25MAR0117-T85749.99,Crypto,yes,0.1300,1,0.8600,1,12.915885429638854,"Dip buy: 67.1% below mean, edge=12.9pp"
Dip Buy,2025-03-01T15:45:41.299Z,KXBTCD-25MAR0111-T84749.99,Crypto,yes,0.1300,1,0.8600,1,7.2055253901411955,"Dip buy: 47.7% below mean, edge=7.2pp"
Dip Buy,2025-03-01T18:41:24.153Z,KXHIGHMIA-25MAR01-B80.5,Other,yes,0.1300,1,0.8600,1,6.660363636363639,"Dip buy: 52.0% below mean, edge=6.7pp"
Dip Buy,2025-03-02T16:30:56.688Z,KXBTCD-25MAR0212-T89499.99,Crypto,yes,0.1300,1,0.8600,1,5.254895672593091,"Dip buy: 64.6% below mean, edge=5.3pp"
Dip Buy,2025-03-02T19:22:33.769Z,KXBTCD-25MAR0215-T93499.99,Crypto,yes,0.1300,1,0.8600,1,7.849789473684213,"Dip buy: 52.6% below mean, edge=7.8pp"
Dip Buy,2025-03-02T19:36:34.807Z,KXHIGHNY-25MAR02-B33.5,Other,yes,0.1300,1,0.8600,1,7.519221987315011,"Dip buy: 25.6% below mean, edge=7.5pp"
Dip Buy,2025-03-02T19:56:40.912Z,KXHIGHNY-25MAR02-B33.5,Other,yes,0.1300,1,0.8600,1,10.49596617336152,"Dip buy: 50.4% below mean, edge=10.5pp"
Dip Buy,2025-03-03T00:50:16.882Z,KXOSCARMENTION-25MAR-DRAKE,Other,yes,0.1300,1,0.8600,1,4.755978609625669,"Dip buy: 64.7% below mean, edge=4.8pp"
Dip Buy,2025-03-03T02:22:18.359Z,KXBTCD-25MAR0222-T93249.99,Crypto,yes,0.1300,1,0.8600,1,5.147365351629504,"Dip buy: 43.4% below mean, edge=5.1pp"
Dip Buy,2025-03-03T23:43:33.801Z,KXBTC-25MAR0319-B86125,Crypto,yes,0.1300,1,0.8600,1,4.824462620474082,"Dip buy: 45.0% below mean, edge=4.8pp"
Dip Buy,2025-03-04T13:47:49.265Z,KXBTC-25MAR0409-T82750,Crypto,yes,0.1300,1,0.8600,1,11.449140366482832,"Dip buy: 69.5% below mean, edge=11.4pp"
Dip Buy,2025-03-04T16:45:37.767Z,KXETHD-25MAR0417-T2139.99,Crypto,yes,0.1300,1,0.8600,1,5.29050821467689,"Dip buy: 65.3% below mean, edge=5.3pp"
Dip Buy,2025-03-04T17:00:31.192Z,KXETHD-25MAR0417-T2139.99,Crypto,yes,0.1300,1,0.8600,1,4.518805194805198,"Dip buy: 58.4% below mean, edge=4.5pp"
Dip Buy,2025-03-04T18:26:38.910Z,KXBTCD-25MAR0414-T86249.99,Crypto,yes,0.1300,1,0.8600,1,6.685870605367173,"Dip buy: 56.1% below mean, edge=6.7pp"
Dip Buy,2025-03-04T19:24:00.871Z,KXINX-25MAR04H1600-B5787,Other,yes,0.1300,1,0.8600,1,7.707197339246119,"Dip buy: 34.1% below mean, edge=7.7pp"
Dip Buy,2025-03-05T00:42:14.868Z,KXBTCD-25MAR0420-T86749.99,Crypto,yes,0.1300,1,0.8600,1,5.854471113672383,"Dip buy: 69.6% below mean, edge=5.9pp"
Dip Buy,2025-03-05T16:19:26.934Z,KXBTCD-25MAR0512-T88749.99,Crypto,yes,0.1300,1,0.8600,1,8.625896633978266,"Dip buy: 47.5% below mean, edge=8.6pp"
Dip Buy,2025-03-05T16:27:34.606Z,KXETHD-25MAR0512-T2189.99,Crypto,yes,0.1300,1,0.8600,1,5.597090909090907,"Dip buy: 50.0% below mean, edge=5.6pp"
Dip Buy,2025-03-06T02:20:24.900Z,KXHIGHPHIL-25MAR06-B57.5,Other,yes,0.1300,1,0.8600,1,9.632886498117266,"Dip buy: 43.2% below mean, edge=9.6pp"
Dip Buy,2025-03-06T02:48:03.200Z,KXBTCD-25MAR0522-T91749.99,Crypto,yes,0.1300,1,0.8600,1,6.483324675324672,"Dip buy: 23.8% below mean, edge=6.5pp"
Dip Buy,2025-03-06T13:00:45.380Z,KXHIGHDEN-25MAR06-B53.5,Other,yes,0.1300,1,0.8600,1,6.308973082783137,"Dip buy: 46.4% below mean, edge=6.3pp"
Dip Buy,2025-03-07T01:29:51.505Z,KXBTCD-25MAR0621-T87999.99,Crypto,yes,0.1300,1,0.8600,1,4.998288688410827,"Dip buy: 26.7% below mean, edge=5.0pp"
Market Maker,2025-03-05T03:38:07.779Z,KXDJTJOINTSESSION-25MAR04-AI,Other,yes,0.2700,1,-0.1150,0,4.0446756568239985,MM quote zone spread=2.0¢
Market Maker,2025-03-07T20:49:02.994Z,KXINXU-25MAR07H1600-T5764.9999,Other,yes,0.5500,1,-0.0755,0,4.67633343204027,MM quote zone spread=2.0¢
Market Maker,2025-03-05T03:07:15.041Z,KXDJTJOINTSESSION-25MAR04-MC,Other,yes,0.4000,1,-0.0688,0,4.176839826839829,MM quote zone spread=2.0¢
Market Maker,2025-03-01T06:06:51.991Z,KXHIGHCHI-25MAR01-B34.5,Other,yes,0.1500,1,-0.0491,0,4.436926358557644,MM quote zone spread=2.0¢
Market Maker,2025-03-06T16:53:31.674Z,KXBTCD-25MAR0612-T90249.99,Crypto,yes,0.1600,1,-0.0468,0,7.588131078224106,MM quote zone spread=2.0¢
Market Maker,2025-03-05T03:07:20.593Z,KXDJTJOINTSESSION-25MAR04-IVANKA,Other,yes,0.3600,1,-0.0424,0,12.401999999999994,MM quote zone spread=2.0¢
Market Maker,2025-03-02T21:30:08.154Z,KXPGATOUR-CCITPB25-JHIG,Other,yes,0.5900,1,-0.0402,0,4.876112806901123,MM quote zone spread=2.0¢
Market Maker,2025-03-01T13:06:25.413Z,KXHIGHCHI-25MAR01-B34.5,Other,yes,0.3300,1,-0.0358,0,9.962068965517243,MM quote zone spread=2.0¢
Market Maker,2025-03-05T03:50:10.287Z,KXDJTJOINTSESSION-25MAR04-TIK,Other,yes,0.1600,1,-0.0336,0,8.22187878787879,MM quote zone spread=2.0¢
Market Maker,2025-03-05T01:42:11.433Z,KXDJTJOINTSESSION-25MAR04-B,Other,yes,0.7800,1,-0.0293,0,4.671477985429206,MM quote zone spread=2.0¢
Market Maker,2025-03-05T03:29:11.694Z,KXDJTJOINTSESSION-25MAR04-H,Other,yes,0.5500,1,-0.0293,0,12.646111317254183,MM quote zone spread=2.0¢
Market Maker,2025-03-02T21:16:55.696Z,KXPGATOUR-CCITPB25-JHIG,Other,yes,0.3900,1,-0.0226,0,10.29509090909091,MM quote zone spread=2.0¢
Market Maker,2025-03-07T18:41:56.379Z,KXBTCD-25MAR0714-T88499.99,Crypto,yes,0.4000,1,-0.0226,0,4.60346222791293,MM quote zone spread=2.0¢
Market Maker,2025-03-03T05:17:57.239Z,KXGROK3TOPLLMCHANGE-25-APR,Other,yes,0.4400,1,-0.0204,0,4.75526790024135,MM quote zone spread=2.0¢
Market Maker,2025-03-03T23:37:08.918Z,KXGROK3TOPLLMCHANGE-25-APR,Other,yes,0.3300,1,-0.0204,0,7.005570990806947,MM quote zone spread=2.0¢
Market Maker,2025-03-03T23:49:34.548Z,KXBTCD-25MAR0319-T86249.99,Crypto,yes,0.8600,1,-0.0204,0,5.747858717360755,MM quote zone spread=2.0¢
Market Maker,2025-03-05T03:38:59.033Z,KXDJTJOINTSESSION-25MAR04-C,Other,yes,0.3000,1,-0.0204,0,4.289425742574254,MM quote zone spread=2.0¢
Market Maker,2025-03-05T02:44:44.426Z,KXDJTJOINTSESSION-25MAR04-IVANKA,Other,yes,0.1500,1,-0.0182,0,10.999999999999998,MM quote zone spread=2.0¢
Market Maker,2025-03-07T13:08:53.019Z,KXRTMICKEY17-80,Other,yes,0.1500,1,-0.0182,0,4.429893687707639,MM quote zone spread=2.0¢
Market Maker,2025-03-05T21:45:00.069Z,KXBTCD-25MAR0517-T89999.99,Crypto,yes,0.6600,1,-0.0182,0,4.035694083694086,MM quote zone spread=2.0¢
Market Maker,2025-03-04T02:49:17.855Z,KXBTCD-25MAR0322-T83749.99,Crypto,yes,0.5400,1,-0.0161,0,4.6273488372093,MM quote zone spread=2.0¢
Market Maker,2025-03-05T01:56:52.986Z,KXDJTJOINTSESSION-25MAR04-IVANKA,Other,yes,0.2500,1,-0.0160,0,5.439213675213672,MM quote zone spread=2.0¢
Market Maker,2025-03-03T21:43:27.717Z,KXBTC-25MAR0317-B86000,Crypto,yes,0.3700,1,-0.0160,0,4.942292490118577,MM quote zone spread=2.0¢
Market Maker,2025-03-05T22:48:52.622Z,KXSPACEXSTARSHIP-8-25MAR06,Other,yes,0.6600,1,-0.0095,0,4.82818339009693,MM quote zone spread=2.0¢
Market Maker,2025-03-05T00:00:43.951Z,KXDJTJOINTSESSION-25MAR04-TIK,Other,yes,0.2900,1,-0.0072,0,4.4200107419932415,MM quote zone spread=2.0¢
Market Maker,2025-03-05T02:00:17.884Z,KXDJTJOINTSESSION-25MAR04-TIK,Other,yes,0.3300,1,-0.0051,0,4.405240641711227,MM quote zone spread=2.0¢
Market Maker,2025-03-07T17:43:20.912Z,KXINXU-25MAR07H1600-T5764.9999,Other,yes,0.1900,1,-0.0050,0,5.536539325842696,MM quote zone spread=2.0¢
Market Maker,2025-03-03T14:44:31.118Z,KXETH-25MAR0310-B2350,Crypto,yes,0.1700,1,-0.0050,0,7.851107344632771,MM quote zone spread=2.0¢
Market Maker,2025-03-06T21:57:15.309Z,KXHIGHAUS-25MAR06-T76,Other,yes,0.1700,1,-0.0050,0,13,MM quote zone spread=2.0¢
Market Maker,2025-03-05T21:23:20.200Z,KXBTCD-25MAR0517-T89999.99,Crypto,yes,0.5600,1,-0.0050,0,4.107952833777095,MM quote zone spread=2.0¢
Market Maker,2025-03-01T05:42:40.364Z,KXGROK3TOPLLMCHANGE-25-APR,Other,yes,0.3300,1,0.0038,1,5.349689578713973,MM quote zone spread=2.0¢
Market Maker,2025-03-01T05:52:06.096Z,KXHIGHCHI-25MAR01-B34.5,Other,yes,0.3900,1,0.0038,1,10.549143843498276,MM quote zone spread=2.0¢
Market Maker,2025-03-01T13:50:20.965Z,KXOSCARSPLAY-25-TS,Other,yes,0.2100,1,0.0038,1,4.074695652173912,MM quote zone spread=2.0¢
Market Maker,2025-03-01T18:09:20.845Z,KXBTC-25MAR0114-B85125,Crypto,yes,0.5600,1,0.0038,1,6.9707815468114,MM quote zone spread=2.0¢
Market Maker,2025-03-01T22:01:47.807Z,KXPGATOUR-CCITPB25-RHEN,Other,yes,0.1600,1,0.0038,1,12,MM quote zone spread=2.0¢
Market Maker,2025-03-01T22:34:05.099Z,KXPGATOUR-CCITPB25-JKNA,Other,yes,0.2000,1,0.0038,1,4.1285400540054,MM quote zone spread=2.0¢
Market Maker,2025-03-01T22:42:59.317Z,KXOSCARPIC-25-C,Other,yes,0.2200,1,0.0038,1,4.095491712707186,MM quote zone spread=2.0¢
Market Maker,2025-03-02T00:16:21.088Z,KXOSCARGUESTS-25-KKAR,Other,yes,0.4400,1,0.0038,1,4.7017229437229355,MM quote zone spread=2.0¢
Market Maker,2025-03-02T02:32:05.688Z,KXBTCD-25MAR0122-T85999.99,Crypto,yes,0.2600,1,0.0038,1,4.383518716577544,MM quote zone spread=2.0¢
Market Maker,2025-03-02T04:26:03.416Z,KXRTNOVOCAINE-75,Other,yes,0.3400,1,0.0038,1,8.965034965034963,MM quote zone spread=2.0¢
Market Maker,2025-03-02T07:36:49.252Z,KXOSCARSCORE-25-TB,Other,yes,0.8300,1,0.0038,1,4.082759325780605,MM quote zone spread=2.0¢
Market Maker,2025-03-02T16:24:47.201Z,KXSHIBA-25MAR0217-B0.0000137,Other,yes,0.2600,1,0.0038,1,6.044791154791157,MM quote zone spread=2.0¢
Market Maker,2025-03-02T18:34:47.499Z,KXBTCD-25MAR0214-T93749.99,Crypto,yes,0.1500,1,0.0038,1,5.338859504132232,MM quote zone spread=2.0¢
Market Maker,2025-03-02T18:55:16.962Z,KXOSCARSVIEWER-25-19500000,Other,yes,0.6000,1,0.0038,1,4.004027930444176,MM quote zone spread=2.0¢
Market Maker,2025-03-02T19:33:34.768Z,KXCANADAPM-45-L,Other,yes,0.3900,1,0.0038,1,4.6350122850122855,MM quote zone spread=2.0¢
Market Maker,2025-03-02T20:10:17.269Z,KXHIGHAUS-25MAR02-B78.5,Other,yes,0.8400,1,0.0038,1,4.384463841184816,MM quote zone spread=2.0¢
Market Maker,2025-03-02T21:10:48.560Z,KXBTCD-25MAR0217-T93249.99,Crypto,yes,0.8200,1,0.0038,1,4.007393939393933,MM quote zone spread=2.0¢
Market Maker,2025-03-02T21:14:42.300Z,KXPGATOUR-CCITPB25-JHIG,Other,yes,0.2700,1,0.0038,1,7.396977701543745,MM quote zone spread=2.0¢
Market Maker,2025-03-02T21:23:03.957Z,KXBTCD-25MAR0217-T94249.99,Crypto,yes,0.6400,1,0.0038,1,5.577422408100374,MM quote zone spread=2.0¢
Market Maker,2025-03-02T21:28:42.094Z,KXPGATOUR-CCITPB25-BGRI,Other,yes,0.1700,1,0.0038,1,4.601761391151224,MM quote zone spread=2.0¢
Probability Arb,2025-03-07T00:06:31.587Z,KXBTCD-25MAR0620-T89249.99,Crypto,no,0.0300,1,0.9600,1,94,"Probability arb: YES legs sum > 104%, fade rich leg (94.0pp)"
Probability Arb,2025-03-03T05:04:49.982Z,KXBTCD-25MAR0317-T93249.99,Crypto,no,0.0400,1,0.9500,1,93,"Probability arb: YES legs sum > 104%, fade rich leg (93.0pp)"
Probability Arb,2025-03-03T23:11:06.013Z,KXSPACEXSTARSHIP-8-25MAR03,Other,no,0.0400,1,0.9500,1,93,"Probability arb: YES legs sum > 104%, fade rich leg (93.0pp)"
Probability Arb,2025-03-03T18:02:02.617Z,KXBTCD-25MAR0314-T88499.99,Crypto,no,0.0500,1,0.9400,1,92,"Probability arb: YES legs sum > 104%, fade rich leg (92.0pp)"
Probability Arb,2025-03-06T23:16:53.961Z,KXSECPRESSMENTION-25SEP10-UKRAINE,Other,no,0.0900,1,0.9000,1,88,"Probability arb: YES legs sum > 104%, fade rich leg (88.0pp)"
Probability Arb,2025-03-07T02:17:22.650Z,KXWEIGHTDRUGSQ-1-25-5,Other,no,0.1000,1,0.8900,1,87,"Probability arb: YES legs sum > 104%, fade rich leg (87.0pp)"
Probability Arb,2025-03-06T19:10:52.414Z,KXSECPRESSMENTION-25SEP10-UKRAINE,Other,no,0.1100,1,0.8800,1,86,"Probability arb: YES legs sum > 104%, fade rich leg (86.0pp)"
Probability Arb,2025-03-06T16:08:36.767Z,KXBTCD-25MAR0612-T89749.99,Crypto,no,0.1200,1,0.8700,1,85,"Probability arb: YES legs sum > 104%, fade rich leg (85.0pp)"
Probability Arb,2025-03-02T02:05:07.158Z,KXBTCD-25MAR0122-T85999.99,Crypto,no,0.1300,1,0.8600,1,83,"Probability arb: YES legs sum > 104%, fade rich leg (83.0pp)"
Probability Arb,2025-03-01T01:26:45.739Z,KXVOTECHAVEZDEREMER-26-JFET,Other,no,0.1400,1,0.8500,1,81,"Probability arb: YES legs sum > 104%, fade rich leg (81.0pp)"
Probability Arb,2025-03-01T13:03:27.547Z,KXBTCD-25MAR0109-T84499.99,Crypto,no,0.1400,1,0.8500,1,81,"Probability arb: YES legs sum > 104%, fade rich leg (81.0pp)"
Probability Arb,2025-03-01T22:12:10.383Z,KXOSCARSVIEWER-25-18700000,Other,no,0.1400,1,0.8500,1,81,"Probability arb: YES legs sum > 104%, fade rich leg (81.0pp)"
Probability Arb,2025-03-02T00:04:20.713Z,KXFOREIGNTARIFF-25JUL01-EU,Other,no,0.1500,1,0.8400,1,79,"Probability arb: YES legs sum > 104%, fade rich leg (79.0pp)"
Probability Arb,2025-03-05T00:18:55.524Z,KXTRUMPOFFICIAL-25MAY01-KLA,Other,no,0.1500,1,0.8400,1,79,"Probability arb: YES legs sum > 104%, fade rich leg (79.0pp)"
Probability Arb,2025-03-05T03:18:11.312Z,KXWEIGHTDRUGSQ-1-25-5,Other,no,0.1500,1,0.8400,1,79,"Probability arb: YES legs sum > 104%, fade rich leg (79.0pp)"
Probability Arb,2025-03-01T20:07:03.057Z,KXOSCARSVIEWER-25-18700000,Other,no,0.1600,1,0.8300,1,77,"Probability arb: YES legs sum > 104%, fade rich leg (77.0pp)"
Probability Arb,2025-03-03T04:08:32.438Z,KXBTCD-25MAR0317-T91249.99,Crypto,no,0.1600,1,0.8300,1,77,"Probability arb: YES legs sum > 104%, fade rich leg (77.0pp)"
Probability Arb,2025-03-03T19:05:35.563Z,KXHIGHNY-25MAR03-B37.5,Other,no,0.1600,1,0.8300,1,77,"Probability arb: YES legs sum > 104%, fade rich leg (77.0pp)"
Probability Arb,2025-03-03T20:08:20.017Z,KXHIGHNY-25MAR03-B37.5,Other,no,0.1600,1,0.8300,1,77,"Probability arb: YES legs sum > 104%, fade rich leg (77.0pp)"
Probability Arb,2025-03-04T04:19:57.370Z,KXTRUMPOFFICIAL-25MAY01-KLA,Other,no,0.1600,1,0.8300,1,77,"Probability arb: YES legs sum > 104%, fade rich leg (77.0pp)"
Probability Arb,2025-03-01T06:04:44.606Z,KXVOTECHAVEZDEREMER-26-JFET,Other,no,0.1700,1,0.8200,1,75,"Probability arb: YES legs sum > 104%, fade rich leg (75.0pp)"
Probability Arb,2025-03-04T01:10:59.670Z,KXBTCD-25MAR0321-T84999.99,Crypto,no,0.1700,1,0.8200,1,75,"Probability arb: YES legs sum > 104%, fade rich leg (75.0pp)"
Probability Arb,2025-03-06T14:08:36.140Z,KXTRUMPOFFICIAL-25MAY01-KLA,Other,no,0.1700,1,0.8200,1,75,"Probability arb: YES legs sum > 104%, fade rich leg (75.0pp)"
Probability Arb,2025-03-07T18:06:39.196Z,KXINX-25MAR07H1600-B5762,Other,no,0.8000,1,-0.8000,0,51,"Probability arb: YES legs sum > 104%, fade rich leg (51.0pp)"
Probability Arb,2025-03-01T13:00:22.082Z,KXTRUMPOFFICIAL-25MAY01-KLA,Other,no,0.1800,1,0.8000,1,73,"Probability arb: YES legs sum > 104%, fade rich leg (73.0pp)"
Probability Arb,2025-03-07T21:13:36.902Z,KXBTC-25MAR0717-B86500,Crypto,no,0.7900,1,-0.7900,0,49,"Probability arb: YES legs sum > 104%, fade rich leg (49.0pp)"
Probability Arb,2025-03-05T18:05:19.220Z,KX538APPROVE-25MAR05-B47.8,Other,no,0.1900,1,0.7900,1,71,"Probability arb: YES legs sum > 104%, fade rich leg (71.0pp)"
Probability Arb,2025-03-05T22:10:44.366Z,KXTRUMPOFFICIAL-25MAY01-KLA,Other,no,0.1900,1,0.7900,1,71,"Probability arb: YES legs sum > 104%, fade rich leg (71.0pp)"
Probability Arb,2025-03-06T03:17:48.133Z,KXTRUMPOFFICIAL-25MAY01-KLA,Other,no,0.1900,1,0.7900,1,71,"Probability arb: YES legs sum > 104%, fade rich leg (71.0pp)"
Probability Arb,2025-03-06T07:25:22.669Z,KXTRUMPOFFICIAL-25MAY01-KLA,Other,no,0.1900,1,0.7900,1,71,"Probability arb: YES legs sum > 104%, fade rich leg (71.0pp)"
Probability Arb,2025-03-07T16:10:57.406Z,KXSECPRESSMENTION-25SEP10-UKRAINE,Other,no,0.1900,1,0.7900,1,71,"Probability arb: YES legs sum > 104%, fade rich leg (71.0pp)"
Probability Arb,2025-03-07T23:08:08.738Z,KXTRAVELBANS-25MAY-IR,Other,no,0.1900,1,0.7900,1,71,"Probability arb: YES legs sum > 104%, fade rich leg (71.0pp)"
Probability Arb,2025-03-02T16:04:19.876Z,KXOSCARSVIEWER-25-18700000,Other,no,0.2000,1,0.7800,1,69.00000000000001,"Probability arb: YES legs sum > 104%, fade rich leg (69.0pp)"
Probability Arb,2025-03-04T07:07:23.950Z,KXCPICORE-25FEB-T0.2,Economics,no,0.2000,1,0.7800,1,69.00000000000001,"Probability arb: YES legs sum > 104%, fade rich leg (69.0pp)"
Probability Arb,2025-03-07T22:03:48.951Z,KXHIGHLAX-25MAR07-B61.5,Other,no,0.2000,1,0.7800,1,69.00000000000001,"Probability arb: YES legs sum > 104%, fade rich leg (69.0pp)"
Probability Arb,2025-03-03T13:02:26.088Z,KXNASDAQ100U-25MAR03H1600-T20649.99,Other,no,0.2100,1,0.7700,1,67.00000000000001,"Probability arb: YES legs sum > 104%, fade rich leg (67.0pp)"
Probability Arb,2025-03-03T23:02:21.569Z,KXTRUMPOFFICIAL-25MAY01-KLA,Other,no,0.2100,1,0.7700,1,67.00000000000001,"Probability arb: YES legs sum > 104%, fade rich leg (67.0pp)"
Probability Arb,2025-03-03T14:01:38.540Z,KXBTCD-25MAR0310-T92749.99,Crypto,no,0.2200,1,0.7600,1,65.00000000000001,"Probability arb: YES legs sum > 104%, fade rich leg (65.0pp)"
Probability Arb,2025-03-03T17:06:13.715Z,KXHIGHCHI-25MAR03-T49,Other,no,0.2200,1,0.7600,1,65.00000000000001,"Probability arb: YES legs sum > 104%, fade rich leg (65.0pp)"
Probability Arb,2025-03-03T22:02:19.592Z,KXTRUMPOFFICIAL-25MAY01-KLA,Other,no,0.2200,1,0.7600,1,65.00000000000001,"Probability arb: YES legs sum > 104%, fade rich leg (65.0pp)"
Probability Arb,2025-03-05T06:39:09.701Z,KXMLB-25-LAD,MLB,no,0.7600,1,-0.7600,0,42.99999999999999,"Probability arb: YES legs sum > 104%, fade rich leg (43.0pp)"
Probability Arb,2025-03-05T21:02:56.687Z,KXUCLROUND-25BENBAR-BEN,UCL,no,0.2200,1,0.7600,1,65.00000000000001,"Probability arb: YES legs sum > 104%, fade rich leg (65.0pp)"
Probability Arb,2025-03-07T00:16:32.425Z,KXPGATOUR-PRO25-ADUM,Other,no,0.2200,1,0.7600,1,65.00000000000001,"Probability arb: YES legs sum > 104%, fade rich leg (65.0pp)"
Probability Arb,2025-03-02T14:00:37.379Z,KXTRUMPOFFICIAL-25MAY01-KLA,Other,no,0.2300,1,0.7500,1,63.000000000000014,"Probability arb: YES legs sum > 104%, fade rich leg (63.0pp)"
Probability Arb,2025-03-07T19:07:52.892Z,KXINX-25MAR07H1600-B5762,Other,no,0.7500,1,-0.7500,0,40.99999999999999,"Probability arb: YES legs sum > 104%, fade rich leg (41.0pp)"
Probability Arb,2025-03-05T14:01:00.093Z,KXBTCD-25MAR0510-T88499.99,Crypto,no,0.2400,1,0.7400,1,61.00000000000001,"Probability arb: YES legs sum > 104%, fade rich leg (61.0pp)"
Probability Arb,2025-03-02T21:02:17.151Z,KXHIGHDEN-25MAR02-B64.5,Other,no,0.2500,1,0.7300,1,59.00000000000001,"Probability arb: YES legs sum > 104%, fade rich leg (59.0pp)"
Probability Arb,2025-03-07T15:01:12.410Z,KXBTCD-25MAR0711-T88999.99,Crypto,no,0.2500,1,0.7300,1,59.00000000000001,"Probability arb: YES legs sum > 104%, fade rich leg (59.0pp)"
Probability Arb,2025-03-01T15:08:29.689Z,KXGDP-25APR30-T0.0,Economics,no,0.2600,1,0.7200,1,57.00000000000001,"Probability arb: YES legs sum > 104%, fade rich leg (57.0pp)"
Probability Arb,2025-03-02T21:06:04.537Z,KXGDP-25APR30-T0.0,Economics,no,0.2600,1,0.7200,1,57.00000000000001,"Probability arb: YES legs sum > 104%, fade rich leg (57.0pp)"